{"schemaVersion":"1.0","appDefinitionTemplate":{"id":"/providers/Microsoft.PowerApps/apps/","type":"Microsoft.PowerApps/apps","tags":{"primaryDeviceWidth":"1366","primaryDeviceHeight":"768","sienaVersion":"20200323T201957Z-3.20023.4.0","deviceCapabilities":"","supportsPortrait":"false","supportsLandscape":"true","primaryFormFactor":"Tablet","publisherVersion":"3.20023.4","minimumRequiredApiVersion":"2.2.0","hasComponent":"true","hasUnlockedComponent":"true"},"properties":{"appVersion":"2020-03-23T20:19:57Z","lifeCycleId":"Published","createdByClientVersion":{"major":3,"minor":20023,"build":4,"revision":0,"majorRevision":0,"minorRevision":0},"minClientVersion":{"major":3,"minor":20023,"build":4,"revision":0,"majorRevision":0,"minorRevision":0},"backgroundColor":"rgba(1, 131, 134, 1)","backgroundImageUri":"/5592617884421294995/N84439272-2b41-406b-bed2-ce8084c05289-logoSmallFile","displayName":"Obecnosci_AppV2","description":"","commitMessage":"","appUris":{"documentUri":{"value":"/5592617884421294995/N6d8b44ad-30a9-44ea-a486-f7e8284567d1-document.msapp","readonlyValue":"/5592617884421294995/N6d8b44ad-30a9-44ea-a486-f7e8284567d1-document.msapp"},"imageUris":[]},"createdTime":"0001-01-01T00:00:00Z","lastModifiedTime":"0001-01-01T00:00:00Z","sharedGroupsCount":0,"sharedUsersCount":0,"icons":{"smallIconUri":"/5592617884421294995/N848b6126-c015-4873-b3f0-5cd3c8b4350f-small.png","mediumIconUri":"/5592617884421294995/N58b1885e-5c26-4b2e-bb45-03fd53876153-medium.png","largeIconUri":"/5592617884421294995/Nec1a6142-7a4d-4d3f-922f-430170ed6146-large.png","wideIconUri":"/5592617884421294995/N6c1664e5-c608-4a62-921a-dde0b405f8ab-wide.png"},"connectionReferences":{"cd470631-e878-4321-b9b3-7a57a7d2a8ce":{"id":"5e07b356-1d86-46fb-840d-383269ec6db2","displayName":"SharePoint","iconUri":"https://connectoricons-prod.azureedge.net/sharepointonline/icon_1.0.1317.1924.png","dataSources":["Nauczyciele","Uczniowie"],"dependencies":[],"dependents":[],"parameterHints":{},"isOnPremiseConnection":false,"bypassConsent":false,"dataSets":{"https://ziodev.sharepoint.com/sites/Dziennik":{"dataSources":{"Nauczyciele":{"tableName":"f7a478cd-1961-4757-82c7-601a34f7fc1a"},"Uczniowie":{"tableName":"915970c2-aac4-4caf-b940-ea9e616de7e5"}}}},"apiTier":"Standard","isCustomApiConnection":false}},"databaseReferences":{},"almMode":"Environment","performanceOptimizationEnabled":false,"canConsumeAppPass":true},"isAppComponentLibrary":false,"appComponents":[]}}