{"name":"4fcec8ac-c8d9-4ee3-bd8e-8d82592cf34f","id":"/providers/Microsoft.Flow/flows/4fcec8ac-c8d9-4ee3-bd8e-8d82592cf34f","type":"Microsoft.Flow/flows","properties":{"apiId":"/providers/Microsoft.PowerApps/apis/shared_logicflows","displayName":"Generuj_Maile_DlaUczniow","definition":{"metadata":{"workflowEntityId":null,"creator":{"id":"06892f32-67d1-4468-a96b-8d2f9752f5bf","type":"User","tenantId":"8683b246-ead5-4ed1-805a-5d8153599423"},"provisioningMethod":"FromDefinition","failureAlertSubscription":true,"clientLastModifiedTime":"2020-03-23T20:16:57.5397129Z"},"$schema":"https://schema.management.azure.com/providers/Microsoft.Logic/schemas/2016-06-01/workflowdefinition.json#","contentVersion":"1.0.0.0","parameters":{"$connections":{"defaultValue":{},"type":"Object"},"$authentication":{"defaultValue":{},"type":"SecureObject"}},"triggers":{"Recurrence":{"recurrence":{"frequency":"Day","interval":1,"timeZone":"Central European Standard Time","startTime":"2020-03-20T07:00:00.000Z"},"type":"Recurrence"}},"actions":{"Pobierz_uczniow":{"runAfter":{"Generuj_raport_obecnosci":["Succeeded"]},"metadata":{"flowSystemMetadata":{"swaggerOperationId":"GetItems"}},"type":"ApiConnection","inputs":{"host":{"connection":{"name":"@parameters('$connections')['shared_sharepointonline']['connectionId']"},"api":{"runtimeUrl":"https://uk-001.azure-apim.net/apim/sharepointonline"}},"method":"get","path":"/datasets/@{encodeURIComponent(encodeURIComponent('https://ziodev.sharepoint.com/sites/Dziennik'))}/tables/@{encodeURIComponent(encodeURIComponent('915970c2-aac4-4caf-b940-ea9e616de7e5'))}/items","authentication":"@parameters('$authentication')"}},"Do_Kazdego_Ucznia":{"foreach":"@body('Pobierz_uczniow')?['value']","actions":{"Wyczysc_poprzednia_obecnosc":{"runAfter":{},"metadata":{"flowSystemMetadata":{"swaggerOperationId":"PatchItem"}},"type":"ApiConnection","inputs":{"host":{"connection":{"name":"@parameters('$connections')['shared_sharepointonline']['connectionId']"},"api":{"runtimeUrl":"https://uk-001.azure-apim.net/apim/sharepointonline"}},"method":"patch","body":{"Obecnosc":"@{null}","Komentarz":"@{null}"},"path":"/datasets/@{encodeURIComponent(encodeURIComponent('https://ziodev.sharepoint.com/sites/Dziennik'))}/tables/@{encodeURIComponent(encodeURIComponent('915970c2-aac4-4caf-b940-ea9e616de7e5'))}/items/@{encodeURIComponent(items('Do_Kazdego_Ucznia')?['ID'])}","authentication":"@parameters('$authentication')"}},"Wyslij_aplikacje":{"runAfter":{"Wyczysc_poprzednia_obecnosc":["Succeeded"]},"metadata":{"flowSystemMetadata":{"swaggerOperationId":"SendEmailV2"}},"type":"ApiConnection","inputs":{"host":{"connection":{"name":"@parameters('$connections')['shared_office365']['connectionId']"},"api":{"runtimeUrl":"https://uk-001.azure-apim.net/apim/office365"}},"method":"post","body":{"To":"@items('Do_Kazdego_Ucznia')?['Uczen']?['Email']","Subject":"Zaznacz swoja obecnosc","Body":"<p>Dzien dobry @{items('Do_Kazdego_Ucznia')?['Uczen']?['DisplayName']},<br>\n<br>\nJak na początku każdego dnia zaznacz proszę swoją obecność, ta informacja jest nam niezbędna żeby wiedzieć czy wszystko jest w porządku.<br>\nJeśli potrzebujesz poinformować wychowawce o czymś ważnym nie zapomnij dodać komentarza.<br>\n<br>\n<span style=\"font-size: 16px\"><a href='@{variables('varAppURL')}'>Applikacja Obecności</a></span><br>\n<br>\n</span><span style=\"font-size: 12px\">Życzymy miłego dnia</span></p>","Importance":"High"},"path":"/v2/Mail","authentication":"@parameters('$authentication')"}}},"runAfter":{"Pobierz_uczniow":["Succeeded"]},"type":"Foreach","runtimeConfiguration":{"concurrency":{"repetitions":20}}},"App_URL":{"runAfter":{},"type":"InitializeVariable","inputs":{"variables":[{"name":"varAppURL","type":"string","value":"https://apps.powerapps.com/play/ddb6b2e7-2a79-49fd-9f21-451d0d0d48c1?tenantId=8683b246-ead5-4ed1-805a-5d8153599423"}]},"description":"Dodaj URL aplikacji tutaj"},"Pobierz_nauczycieli":{"runAfter":{"App_URL":["Succeeded"]},"metadata":{"flowSystemMetadata":{"swaggerOperationId":"GetItems"}},"type":"ApiConnection","inputs":{"host":{"connection":{"name":"@parameters('$connections')['shared_sharepointonline']['connectionId']"},"api":{"runtimeUrl":"https://uk-001.azure-apim.net/apim/sharepointonline"}},"method":"get","path":"/datasets/@{encodeURIComponent(encodeURIComponent('https://ziodev.sharepoint.com/sites/Dziennik'))}/tables/@{encodeURIComponent(encodeURIComponent('f7a478cd-1961-4757-82c7-601a34f7fc1a'))}/items","authentication":"@parameters('$authentication')"}},"Generuj_raport_obecnosci":{"foreach":"@body('Pobierz_nauczycieli')?['value']","actions":{"Pobierz_uczniów":{"runAfter":{},"metadata":{"flowSystemMetadata":{"swaggerOperationId":"GetItems"}},"type":"ApiConnection","inputs":{"host":{"connection":{"name":"@parameters('$connections')['shared_sharepointonline']['connectionId']"},"api":{"runtimeUrl":"https://uk-001.azure-apim.net/apim/sharepointonline"}},"method":"get","path":"/datasets/@{encodeURIComponent(encodeURIComponent('https://ziodev.sharepoint.com/sites/Dziennik'))}/tables/@{encodeURIComponent(encodeURIComponent('915970c2-aac4-4caf-b940-ea9e616de7e5'))}/items","queries":{"$filter":"Klasa eq '@{items('Generuj_raport_obecnosci')?['Klasa']}'"},"authentication":"@parameters('$authentication')"}},"Create_HTML_table":{"runAfter":{"Pobierz_uczniów":["Succeeded"]},"type":"Table","inputs":{"from":"@body('Pobierz_uczniów')?['value']","format":"HTML","columns":[{"header":"Dzien","value":"@item()?['Dzien']"},{"header":"Obecnosc","value":"@item()?['Obecnosc']"},{"header":"Uczen","value":"@item()?['Uczen']?['DisplayName']"}]}},"Send_an_email_(V2)":{"runAfter":{"Create_HTML_table":["Succeeded"]},"metadata":{"flowSystemMetadata":{"swaggerOperationId":"SendEmailV2"}},"type":"ApiConnection","inputs":{"host":{"connection":{"name":"@parameters('$connections')['shared_office365']['connectionId']"},"api":{"runtimeUrl":"https://uk-001.azure-apim.net/apim/office365"}},"method":"post","body":{"To":"@items('Generuj_raport_obecnosci')?['Nauczyciel']?['Email']","Subject":"Obecnosc klasy @{items('Generuj_raport_obecnosci')?['Klasa']}","Body":"<p>Obecność uczniów:<br>\n<br>\n@{body('Create_HTML_table')}</p>"},"path":"/v2/Mail","authentication":"@parameters('$authentication')"}}},"runAfter":{"Pobierz_nauczycieli":["Succeeded"]},"type":"Foreach","runtimeConfiguration":{"concurrency":{"repetitions":20}}}}},"connectionReferences":{"shared_sharepointonline":{"connectionName":"7207f6221a0049ebb07ec1a39b0edaa3","source":"Embedded","id":"/providers/Microsoft.PowerApps/apis/shared_sharepointonline","tier":"NotSpecified"},"shared_office365":{"connectionName":"84b40a887f4f492c9ef454ca23397212","source":"Embedded","id":"/providers/Microsoft.PowerApps/apis/shared_office365","tier":"NotSpecified"}},"flowFailureAlertSubscribed":false}}